first_name,last_name,country,email,phone
Ella,Martin,US,,555-123-4567
Liam,,CA,liam.johnson@email.com,555-234-5678
Sophia,Williams,FR,sophia.williams@email.com,555-345-6789
Noah,Brownx,DE,noah.brown@email.com,555-456-7890
Olivia,Jones,GB,olivia.jones@email.com,555-567-8901
Jackson,Miller,IT,jackson.miller@email.com,555-678-9012
Emma,Davis,JP,emma.davis@email.com,555-789-0123
Aiden,Garcia,IN,aiden.garcia@email.com,555-890-1234
Isabella,Rodriguez,AU,isabella.rodriguez@email.com,555-901-2345
Lucas,Martinez,ES,lucas.martinez@email.com,555-012-3456
Mia,Lopez,BR,mia.lopez@email.com,555-123-4567
Oliver,Lee,MX,oliver.lee@email.com,555-234-5678
Ava,Hall,RU,ava.hall@email.com,555-345-6789
Ethan,Young,CN,ethan.young@email.com,555-456-7890
Amelia,Wilson,DE,amelia.wilson@email.com,555-567-8901
Liam,White,FR,liam.white@email.com,555-678-9012
Sophia,Walker,GB,sophia.walker@email.com,555-789-0123
Noah,Martin,IT,noah.martin@email.com,555-890-1234
Olivia,Anderson,JP,olivia.anderson@email.com,555-901-2345
Jackson,Hall,IN,jackson.hall@email.com,555-012-3456
Emma,Wright,AU,emma.wright@email.com,555-123-4567
Aiden,Hill,ES,aiden.hill@email.com,555-234-5678
Isabella,Scott,BR,isabella.scott@email.com,555-345-6789
Lucas,Morris,MX,lucas.morris@email.com,555-456-7890
Mia,Morgan,RU,mia.morgan@email.com,555-567-8901
Oliver,Cook,CN,oliver.cook@email.com,555-678-9012
Ava,Turner,DE,ava.turner@email.com,555-789-0123
Ethan,Baker,FR,ethan.baker@email.com,555-890-1234
Amelia,Hill,GB,amelia.hill@email.com,555-901-2345
Liam,Cooper,IT,liam.cooper@email.com,555-012-3456
Sophia,Ward,JP,sophia.ward@email.com,555-123-4567
Noah,Kelly,IN,noah.kelly@email.com,555-234-5678
Olivia,Campbell,AU,olivia.campbell@email.com,555-345-6789
Jackson,Parker,ES,jackson.parker@email.com,555-456-7890
Emma,Young,BR,emma.young@email.com,555-567-8901
Aiden,Rivera,MX,aiden.rivera@email.com,555-678-9012
Isabella,Gonzalez,RU,isabella.gonzalez@email.com,555-789-0123
Lucas,Moore,CN,lucas.moore@email.com,555-890-1234
Mia,Adams,DE,mia.adams@email.com,555-901-2345
Oliver,Harrison,FR,oliver.harrison@email.com,555-012-3456
Ava,Fisher,GB,ava.fisher@email.com,555-123-4567
Ethan,Collins,IT,ethan.collins@email.com,555-234-5678
Amelia,Ramirez,JP,amelia.ramirez@email.com,555-345-6789
Liam,Long,IN,liam.long@email.com,555-456-7890
Sophia,Watson,AU,sophia.watson@email.com,555-567-8901
Noah,Reed,ES,noah.reed@email.com,555-678-9012
Olivia,Myers,BR,olivia.myers@email.com,555-789-0123
Jackson,Kim,MX,jackson.kim@email.com,555-890-1234
Emma,Hughes,RU,emma.hughes@email.com,555-901-2345
Aiden,Perez,CN,aiden.perez@email.com,555-012-3456
Isabella,Richardson,DE,isabella.richardson@email.com,555-123-4567
Lucas,Cruz,FR,lucas.cruz@email.com,555-234-5678
Mia,Simmons,GB,mia.simmons@email.com,555-345-6789
Oliver,Henderson,IT,oliver.henderson@email.com,555-456-7890
Ava,Hansen,JP,ava.hansen@email.com,555-567-8901
Ethan,Webb,IN,ethan.webb@email.com,555-678-9012
Amelia,Black,AU,amelia.black@email.com,555-789-0123
Liam,Knight,ES,liam.knight@email.com,555-890-1234
Sophia,Hudson,BR,sophia.hudson@email.com,555-901-2345
Noah,Wells,MX,noah.wells@email.com,555-012-3456
Olivia,Gomez,RU,olivia.gomez@email.com,555-123-4567
Jackson,Hayes,CN,jackson.hayes@email.com,555-234-5678
Emma,West,DE,emma.west@email.com,555-345-6789
Aiden,Hart,FR,aiden.hart@email.com,555-456-7890
Isabella,Ford,GB,isabella.ford@email.com,555-567-8901
Lucas,Hoffman,IT,lucas.hoffman@email.com,555-678-9012
Mia,Barnes,JP,mia.barnes@email.com,555-789-0123
Oliver,Warren,IN,oliver.warren@email.com,555-890-1234
Ava,Fox,AU,ava.fox@email.com,555-901-2345
Ethan,Day,ES,ethan.day@email.com,555-012-3456
Amelia,Porter,BR,amelia.porter@email.com,555-123-4567
Liam,James,MX,liam.james@email.com,555-234-5678
Sophia,Dixon,RU,sophia.dixon@email.com,555-345-6789
Noah,Bryant,CN,noah.bryant@email.com,555-456-7890
Olivia,Grant,DE,olivia.grant@email.com,555-567-8901
Jackson,Welch,FR,jackson.welch@email.com,555-678-9012
Emma,Nash,GB,emma.nash@email.com,555-789-0123
Aiden,Fleming,IT,aiden.fleming@email.com,555-890-1234
Isabella,Hale,JP,isabella.hale@email.com,555-901-2345
Lucas,Wheeler,IN,lucas.wheeler@email.com,555-012-3456
Mia,Burke,AU,mia.burke@email.com,555-123-4567
Oliver,Haynes,ES,oliver.haynes@email.com,555-234-5678
Ava,Hardy,BR,ava.hardy@email.com,555-345-6789
Ethan,Roberts,MX,ethan.roberts@email.com,555-456-7890
Amelia,Newton,RU,amelia.newton@email.com,555-567-8901
Liam,Walker,CN,liam.walker@email.com,555-678-9012
Sophia,Mccarthy,DE,sophia.mccarthy@email.com,555-789-0123
Noah,Winters,FR,noah.winters@email.com,555-890-1234
Olivia,Mullen,GB,olivia.mullen@email.com,555-901-2345
Jackson,Yang,IT,jackson.yang@email.com,555-012-3456
Emma,Rivas,JP,emma.rivas@email.com,555-123-4567